<?xml version="1.0" encoding="UTF-8"?>
<sql-script>
	<version>1.0.0</version>
	<name>script</name>
	<description></description>
	<tran-sql>
    <![CDATA[
    	create table sf_news_category (
    		id char(32) not null,
    		parentid char(32),
        domainid char(32),
    		name varchar2(32 char) not null,
    		text varchar2(64 char) not null,
    		viewtemplate number(4) not null,
        vrole varchar2(64),
    		createdate timestamp not null,
        userid char(32) not null,
    		description varchar2(256 char),
        oorder number(11) not null,
        primary key(id),
        unique(name),
        unique(parentid, text),
        unique(oorder)
    	);
    ]]>
	</tran-sql>
	<tran-sql>
    <![CDATA[
    	create table sf_news (
       	id char(32) not null,
        categoryid char(32) not null,
        domainid char(32),
        cname varchar2(32 char),
        status number(4) not null,
        createdate timestamp not null,
        userid char(32) not null,
        topic varchar2(128 char) not null,
        keywords varchar2(128 char),
        author varchar2(32 char),
        source varchar2(32 char),
        nprice number(12, 6) not null,
        imagemark number(1) not null,
        videomark number(1) not null,
        contentmark number(11) not null,
        videotime number(11) not null,
        rlevel number(4) not null,
        comments number(11) not null,
        lastcommentdate timestamp,
        allowcomments number(1) not null,
        indexed number(1) not null,
        views number(11) not null,
        description varchar2(256 char),
        content clob,
       	oorder number(11) not null,
        primary key(id),
        unique(oorder)
      );
    ]]>
	</tran-sql>
	<tran-sql>
    <![CDATA[
    	create table sf_news_comment (
        id char(32) not null,
        parentid char(32),
        contentid char(32) not null,
        createdate timestamp not null,
        userid char(32) not null,
       	ccomment clob not null,
        primary key(id)
      );
    ]]>
	</tran-sql>
  <tran-sql>
    <![CDATA[
      create table sf_news_recommend (
        id char(32) not null,
        newsid char(32) not null,
        createdate timestamp not null,
        status number(4) not null,
        rlevel number(11) not null,
        dstartdate timestamp,
        denddate timestamp,
        description varchar2(256 char),
        primary key(id)
      );
    ]]>
  </tran-sql>
  <tran-sql>
    <![CDATA[
      create table sf_news_stat (
        id char(32) not null,
        categoryid char(32),
        domainid char(32),
        nums number(11) not null,
        nums_publish number(11) not null,
        nums_delete number(11) not null,
        primary key(id)
      );
    ]]>
  </tran-sql>
</sql-script>
