<?xml version="1.0" encoding="UTF-8"?>
<sql-script>
	<version>1.0.0</version>
	<name>script</name>
	<description></description>
	<tran-sql>
    <![CDATA[
    	create table sf_news_category (
    		id char(32) not null,
    		parentid char(32),
        domain int not null,
    		name varchar(32) not null,
    		text varchar(32) not null,
    		viewtemplate smallint not null,
    		mark smallint not null,
    		createdate timestamp not null,
        userid char(32) not null,
    		description varchar(256),
        oorder int not null,
        primary key(id),
        unique (name),
        unique (parentid, text)
    	);
    ]]>
	</tran-sql>
	<tran-sql>
    <![CDATA[
      create table sf_news (
        id char(32) not null,
        categoryid char(32) not null,
        domain int not null,
        cname varchar(32),        
        status smallint not null,
        createdate timestamp not null,
        userid char(32) not null,
        topic varchar(128) not null,
        keywords varchar(128),
        author varchar(32),
        source varchar(32),
        recommendation int not null,
        recommendationdate timestamp,
        recommendationduration int not null,
        imagemark smallint not null,
        contentmark int not null,
        comments int not null,
        lastcommentdate timestamp,
        allowcomments smallint not null,
        indexed smallint not null,
        views int not null,
        description varchar(256),
        content clob,
        oorder int not null,
        primary key(id)
      );
    ]]>
	</tran-sql>
	<tran-sql>
    <![CDATA[
      create table sf_news_comment (
        id char(32) not null,
        parentid char(32),
        contentid char(32) not null,
        createdate timestamp not null,
        userid char(32) not null,
       	content clob not null,
        primary key(id)
      );
    ]]>
	</tran-sql>
</sql-script>
